player,squad,league,season,transfermarkt_id,reason
Rodrigo Abajas,Valencia,es La Liga,2024/25,,no matching player
Keyliane Abdallah,Marseille,fr Ligue 1,2024/25,,no matching player
Yunis Abdelhamid,Saint-Étienne,fr Ligue 1,2024/25,,no matching player
Mohamed Abdelmoneim,Nice,fr Ligue 1,2024/25,,no matching player
Abel,Osasuna,es La Liga,2024/25,,no matching player
Nabil Aberdin,Getafe,es La Liga,2024/25,,no matching player
Oliver Abildgaard,Como,it Serie A,2024/25,,no matching player
Federico Accornero,Genoa,it Serie A,2024/25,,no matching player
Joshua Acheampong,Chelsea,eng Premier League,2024/25,,no matching player
Martin Adeline,Reims,fr Ligue 1,2024/25,,no matching player
Adrián,Betis,es La Liga,2024/25,,no matching player
Adryelson,Lyon,fr Ligue 1,2024/25,,no matching player
Oladapo Afolayan,St. Pauli,de Bundesliga,2024/25,,no matching player
Asher Agbinone,Crystal Palace,eng Premier League,2024/25,,no matching player
Álvaro Aguado,Espanyol,es La Liga,2024/25,,no matching player
Lorenzo Aguado,Real Madrid,es La Liga,2024/25,,no matching player
Jean-Eudes Aholou,Angers,fr Ligue 1,2024/25,,no matching player
Ayman Aiki,Saint-Étienne,fr Ligue 1,2024/25,,no matching player
Sergio Akieme,Reims,fr Ligue 1,2024/25,,no matching player
Paul Akouokou,Lyon,fr Ligue 1,2024/25,,no matching player
Jean-Daniel Akpa-Akpro,Monza,it Serie A,2024/25,,no matching player
David Akpan Ankeye,Genoa,it Serie A,2024/25,,no matching player
Chuba Akpom,Lille,fr Ligue 1,2024/25,,no matching player
Ibrahim Alani,Valladolid,es La Liga,2024/25,,no matching player
Andreas Albers,St. Pauli,de Bundesliga,2024/25,,no matching player
Ben Alexander Voll,St. Pauli,de Bundesliga,2024/25,,no matching player
Alfon,Celta Vigo,es La Liga,2024/25,,no matching player
Mohamed Ali Cho,Nice,fr Ligue 1,2024/25,,no matching player
Faride Alidou,Hellas Verona,it Serie A,2024/25,,no matching player
Dele Alli,Como,it Serie A,2024/25,,no matching player
Domingos André Ribeiro Almeida,Valencia,es La Liga,2024/25,,no matching player
Giorgio Altare,Venezia,it Serie A,2024/25,,no matching player
Adrià Altimira,Leganés,es La Liga,2024/25,,no matching player
Olabade Aluko,Leicester City,eng Premier League,2024/25,,no matching player
Skelly Alvero,Werder Bremen,de Bundesliga,2024/25,,no matching player
Will Alves,Leicester City,eng Premier League,2024/25,,no matching player
Selim Amallah,Valladolid,es La Liga,2024/25,,no matching player
Harry Amass,Manchester Utd,eng Premier League,2024/25,,no matching player
Amath,Valladolid,es La Liga,2024/25,,no matching player
Jordan Amavi,Brest,fr Ligue 1,2024/25,,no matching player
Michael Amir Murillo,Marseille,fr Ligue 1,2024/25,,no matching player
André,Wolves,eng Premier League,2024/25,,no matching player
Marcos André,Valladolid,es La Liga,2024/25,,no matching player
Lorenzo Anghelè,Juventus,it Serie A,2024/25,,no matching player
Faustino Anjorin,Empoli,it Serie A,2024/25,,no matching player
Antoniu,Espanyol,es La Liga,2024/25,,no matching player
Antony,Manchester Utd,eng Premier League,2024/25,,no matching player
Anuar,Valladolid,es La Liga,2024/25,,no matching player
Dennis Appiah,Saint-Étienne,fr Ligue 1,2024/25,,no matching player
Aritz Arambarri,Leganés,es La Liga,2024/25,,no matching player
Cameron Archer,Southampton,eng Premier League,2024/25,,no matching player
Adu Ares,Athletic Club,es La Liga,2024/25,,no matching player
David Argüelles,Getafe,es La Liga,2024/25,,no matching player
José Arnaiz,Osasuna,es La Liga,2024/25,,no matching player
Jann-Fiete Arp,Holstein Kiel,de Bundesliga,2024/25,,no matching player
Sergio Arribas,Betis,es La Liga,2024/25,,no matching player
Dehmaine Assoumani,Nantes,fr Ligue 1,2024/25,,no matching player
Valentin Atangana Edoa,Reims,fr Ligue 1,2024/25,,no matching player
Tommaso Augello,Cagliari,it Serie A,2024/25,,no matching player
Yann Aurel Bisseck,Inter,it Serie A,2024/25,,no matching player
Ezequiel Ávila,Betis,es La Liga,2024/25,,no matching player
Jordan Ayew,Crystal Palace,eng Premier League,2024/25,,no matching player
Jordan Ayew,Leicester City,eng Premier League,2024/25,,no matching player
Ayman Azhil,Dortmund,de Bundesliga,2024/25,,no matching player
Paulo Azzi,Cagliari,it Serie A,2024/25,,no matching player
Papa Ba,Girona,es La Liga,2024/25,,no matching player
Jacopo Bacci,Empoli,it Serie A,2024/25,,no matching player
Aliou Badara Baldé,Bochum,de Bundesliga,2024/25,,no matching player
Milan Badelj,Genoa,it Serie A,2024/25,,no matching player
Keita Baldé,Monza,it Serie A,2024/25,,no matching player
Mario Balotelli,Genoa,it Serie A,2024/25,,no matching player
Mohamed Bamba,Reims,fr Ligue 1,2024/25,,no matching player
Samuel Bamba,Bochum,de Bundesliga,2024/25,,no matching player
Daniel Bandeira,Hellas Verona,it Serie A,2024/25,,no matching player
Mattia Bani,Genoa,it Serie A,2024/25,,no matching player
Scott Banks,St. Pauli,de Bundesliga,2024/25,,no matching player
Adrian Baquerin,Valladolid,es La Liga,2024/25,,no matching player
Antonín Barák,Fiorentina,it Serie A,2024/25,,no matching player
Federico Barba,Como,it Serie A,2024/25,,no matching player
Gabriel Bares,Montpellier,fr Ligue 1,2024/25,,no matching player
Aymen Barkok,Mainz 05,de Bundesliga,2024/25,,no matching player
Daniele Baselli,Como,it Serie A,2024/25,,no matching player
Aboubacar Bassinga,Las Palmas,es La Liga,2024/25,,no matching player
Maximilian Bauer,Augsburg,de Bundesliga,2024/25,,no matching player
Rafael Bauza,Espanyol,es La Liga,2024/25,,no matching player
Timo Becker,Holstein Kiel,de Bundesliga,2024/25,,no matching player
Hannes Behrens,Hoffenheim,de Bundesliga,2024/25,,no matching player
Luken Beitia,Real Sociedad,es La Liga,2024/25,,no matching player
Armel Bella Kotchap,Southampton,eng Premier League,2024/25,,no matching player
Carlos Benavídez,Alavés,es La Liga,2024/25,,no matching player
Mergim Berisha,Hoffenheim,de Bundesliga,2024/25,,no matching player
Mergim Berisha,Augsburg,de Bundesliga,2024/25,,no matching player
Bernardo,Bochum,de Bundesliga,2024/25,,no matching player
Juan Bernat,Villarreal,es La Liga,2024/25,,no matching player
Juan Bernat,Getafe,es La Liga,2024/25,,no matching player
Maxime Bernauer,Saint-Étienne,fr Ligue 1,2024/25,,no matching player
Victor Bernth Kristiansen,Leicester City,eng Premier League,2024/25,,no matching player
Dimitry Bertaud,Montpellier,fr Ligue 1,2024/25,,no matching player
Jan-Niklas Beste,Freiburg,de Bundesliga,2024/25,,no matching player
Samuele Birindelli,Monza,it Serie A,2024/25,,no matching player
Augustine Boakye,Saint-Étienne,fr Ligue 1,2024/25,,no matching player
Mathéo Bodmer,Le Havre,fr Ligue 1,2024/25,,no matching player
Emil Bohinen,Genoa,it Serie A,2024/25,,no matching player
Justin Bourgault,Brest,fr Ligue 1,2024/25,,no matching player
Benjamin Bourigeaud,Rennes,fr Ligue 1,2024/25,,no matching player
Edoardo Bove,Fiorentina,it Serie A,2024/25,,no matching player
Darko Brašanac,Leganés,es La Liga,2024/25,,no matching player
Matthias Braunöder,Como,it Serie A,2024/25,,no matching player
Iker Bravo,Udinese,it Serie A,2024/25,,no matching player
James Bree,Southampton,eng Premier League,2024/25,,no matching player
Tim Breithaupt,Augsburg,de Bundesliga,2024/25,,no matching player
Gleison Bremer,Juventus,it Serie A,2024/25,,no matching player
Brenner,Udinese,it Serie A,2024/25,,no matching player
Ben Brereton,Southampton,eng Premier League,2024/25,,no matching player
Maximilian Breunig,Heidenheim,de Bundesliga,2024/25,,no matching player
Anthony Briançon,Saint-Étienne,fr Ligue 1,2024/25,,no matching player
Arvid Brorsson,Monza,it Serie A,2024/25,,no matching player
Emi Buendía,Aston Villa,eng Premier League,2024/25,,no matching player
Emi Buendía,Leverkusen,de Bundesliga,2024/25,,no matching player
Endika Buján,Athletic Club,es La Liga,2024/25,,no matching player
Rareș-Cătălin Burnete,Lecce,it Serie A,2024/25,,no matching player
Wes Burns,Ipswich Town,eng Premier League,2024/25,,no matching player
Gianluca Busio,Venezia,it Serie A,2024/25,,no matching player
Marcin Bułka,Nice,fr Ligue 1,2024/25,,no matching player
Alessio Cacciamani,Torino,it Serie A,2024/25,,no matching player
Jens Cajuste,Ipswich Town,eng Premier League,2024/25,,no matching player
Luca Caldirola,Monza,it Serie A,2024/25,,no matching player
Axel Camblan,Brest,fr Ligue 1,2024/25,,no matching player
José Campaña,Las Palmas,es La Liga,2024/25,,no matching player
Thomas Campaniello,Empoli,it Serie A,2024/25,,no matching player
Peio Canales,Athletic Club,es La Liga,2024/25,,no matching player
Antonio Candela,Venezia,it Serie A,2024/25,,no matching player
Antonio Candela,Valladolid,es La Liga,2024/25,,no matching player
Sergi Canós,Valencia,es La Liga,2024/25,,no matching player
Gianluca Caprari,Monza,it Serie A,2024/25,,no matching player
Gabin Capuano,Lens,fr Ligue 1,2024/25,,no matching player
Francesco Caputo,Empoli,it Serie A,2024/25,,no matching player
Simon Cara,Montpellier,fr Ligue 1,2024/25,,no matching player
Andrea Carboni,Monza,it Serie A,2024/25,,no matching player
Marc Cardona,Las Palmas,es La Liga,2024/25,,no matching player
Tiago Cardoso,Gladbach,de Bundesliga,2024/25,,no matching player
José Carlos González,Las Palmas,es La Liga,2024/25,,no matching player
Carmona,Sevilla,es La Liga,2024/25,,no matching player
Dani Carvajal,Real Madrid,es La Liga,2024/25,,no matching player
Kaelan Casey,West Ham,eng Premier League,2024/25,,no matching player
Eiran Cashin,Brighton,eng Premier League,2024/25,,no matching player
Federico Cassa,Atalanta,it Serie A,2024/25,,no matching player
Valentín Castellanos,Lazio,it Serie A,2024/25,,no matching player
Jean-Charles Castelletto,Nantes,fr Ligue 1,2024/25,,no matching player
Gaetano Castrovilli,Monza,it Serie A,2024/25,,no matching player
Gaetano Castrovilli,Lazio,it Serie A,2024/25,,no matching player
Catena,Osasuna,es La Liga,2024/25,,no matching player
Maximiliano Caufriez,Valencia,es La Liga,2024/25,,no matching player
Enzo Caumont,Angers,fr Ligue 1,2024/25,,no matching player
Alberto Cerri,Como,it Serie A,2024/25,,no matching player
Julian Chabot,Stuttgart,de Bundesliga,2024/25,,no matching player
Conor Chaplin,Ipswich Town,eng Premier League,2024/25,,no matching player
Raúl Chasco,Valladolid,es La Liga,2024/25,,no matching player
Chema,Real Madrid,es La Liga,2024/25,,no matching player
Théo Chennahi,Montpellier,fr Ligue 1,2024/25,,no matching player
Leandro Chichizola,Parma,it Serie A,2024/25,,no matching player
Chiquinho,Wolves,eng Premier League,2024/25,,no matching player
Chiquinho,Mallorca,es La Liga,2024/25,,no matching player
Aaron Ciammaglichella,Torino,it Serie A,2024/25,,no matching player
Alphadjo Cissè,Hellas Verona,it Serie A,2024/25,,no matching player
Seydouba Cissé,Leganés,es La Liga,2024/25,,no matching player
Yoann Cissé,Auxerre,fr Ligue 1,2024/25,,no matching player
Patrick Ciurria,Monza,it Serie A,2024/25,,no matching player
Harry Clarke,Ipswich Town,eng Premier League,2024/25,,no matching player
Jack Clarke,Ipswich Town,eng Premier League,2024/25,,no matching player
Silvi Clúa,Girona,es La Liga,2024/25,,no matching player
Conor Coady,Leicester City,eng Premier League,2024/25,,no matching player
Marcus Coco,Nantes,fr Ligue 1,2024/25,,no matching player
Toby Collyer,Manchester Utd,eng Premier League,2024/25,,no matching player
Andrea Colpani,Fiorentina,it Serie A,2024/25,,no matching player
Florinel Coman,Cagliari,it Serie A,2024/25,,no matching player
Alois Confais,Le Havre,fr Ligue 1,2024/25,,no matching player
Copete,Mallorca,es La Liga,2024/25,,no matching player
Iker Córdoba,Valencia,es La Liga,2024/25,,no matching player
Pierre Cornud,Saint-Étienne,fr Ligue 1,2024/25,,no matching player
David Costa,Lens,fr Ligue 1,2024/25,,no matching player
Aaron Cresswell,West Ham,eng Premier League,2024/25,,no matching player
Domen Črnigoj,Venezia,it Serie A,2024/25,,no matching player
Juan Cruz Armada,Osasuna,es La Liga,2024/25,,no matching player
Cucho,Betis,es La Liga,2024/25,,no matching player
Matheus Cunha,Wolves,eng Premier League,2024/25,,no matching player
Patrick Cutrone,Como,it Serie A,2024/25,,no matching player
Wylan Cyprien,Parma,it Serie A,2024/25,,no matching player
Danilo D'Ambrosio,Monza,it Serie A,2024/25,,no matching player
Thomas Dähne,Holstein Kiel,de Bundesliga,2024/25,,no matching player
Patson Daka,Leicester City,eng Premier League,2024/25,,no matching player
Maat Daniel Caprini,Fiorentina,it Serie A,2024/25,,no matching player
Danilo,Nott'ham Forest,eng Premier League,2024/25,,no matching player
Danilo,Juventus,it Serie A,2024/25,,no matching player
Jayden Danns,Liverpool,eng Premier League,2024/25,,no matching player
Pape Daouda Diongue,Strasbourg,fr Ligue 1,2024/25,,no matching player
Mohamed Daramy,Reims,fr Ligue 1,2024/25,,no matching player
Juan David Cabal,Juventus,it Serie A,2024/25,,no matching player
Leif Davis,Ipswich Town,eng Premier League,2024/25,,no matching player
Craig Dawson,Wolves,eng Premier League,2024/25,,no matching player
Mattia De Sciglio,Empoli,it Serie A,2024/25,,no matching player
Enrico Del Prato,Parma,it Serie A,2024/25,,no matching player
Thomas Delaine,Strasbourg,fr Ligue 1,2024/25,,no matching player
Andy Delort,Montpellier,fr Ligue 1,2024/25,,no matching player
Ali Dembélé,Torino,it Serie A,2024/25,,no matching player
Arthur Desmas,Le Havre,fr Ligue 1,2024/25,,no matching player
Kandet Diawara,Le Havre,fr Ligue 1,2024/25,,no matching player
Daniel Díaz,Real Sociedad,es La Liga,2024/25,,no matching player
Luis Díaz,Liverpool,eng Premier League,2024/25,,no matching player
Kembo Diliwidi,Lens,fr Ligue 1,2024/25,,no matching player
Lois Diony,Angers,fr Ligue 1,2024/25,,no matching player
Sérigné Diop,Brest,fr Ligue 1,2024/25,,no matching player
Roman Dixon,Everton,eng Premier League,2024/25,,no matching player
Álvaro djaló,Athletic Club,es La Liga,2024/25,,no matching player
Djené,Getafe,es La Liga,2024/25,,no matching player
Marc Domenech,Mallorca,es La Liga,2024/25,,no matching player
Benjamín Domínguez,Bologna,it Serie A,2024/25,,no matching player
Israel Domínguez,Sevilla,es La Liga,2024/25,,no matching player
Alfie Dorrington,Tottenham,eng Premier League,2024/25,,no matching player
Douglas,Nantes,fr Ligue 1,2024/25,,no matching player
Issa Doumbia,Venezia,it Serie A,2024/25,,no matching player
Amidou Doumbouya,Nice,fr Ligue 1,2024/25,,no matching player
Flynn Downes,Southampton,eng Premier League,2024/25,,no matching player
Tommy Doyle,Wolves,eng Premier League,2024/25,,no matching player
Marvin Ducksch,Werder Bremen,de Bundesliga,2024/25,,no matching player
Duk,Leganés,es La Liga,2024/25,,no matching player
Alfred Duncan,Venezia,it Serie A,2024/25,,no matching player
Jáder Durán,Aston Villa,eng Premier League,2024/25,,no matching player
Stefan Džodić,Montpellier,fr Ligue 1,2024/25,,no matching player
Adam Dźwigała,St. Pauli,de Bundesliga,2024/25,,no matching player
Tyronne Ebuehi,Empoli,it Serie A,2024/25,,no matching player
Ederson,Manchester City,eng Premier League,2024/25,,no matching player
George Edmundson,Ipswich Town,eng Premier League,2024/25,,no matching player
Samuel Edozie,Southampton,eng Premier League,2024/25,,no matching player
Ronnie Edwards,Southampton,eng Premier League,2024/25,,no matching player
Pierre Ekwah Elimby,Saint-Étienne,fr Ligue 1,2024/25,,no matching player
Meschak Elia,Nantes,fr Ligue 1,2024/25,,no matching player
Mikael Ellertsson,Venezia,it Serie A,2024/25,,no matching player
Elif Elmas,Torino,it Serie A,2024/25,,no matching player
Elif Elmas,RB Leipzig,de Bundesliga,2024/25,,no matching player
Adri Embarba,Rayo Vallecano,es La Liga,2024/25,,no matching player
Emanuel Emegha,Strasbourg,fr Ligue 1,2024/25,,no matching player
Emerson,Milan,it Serie A,2024/25,,no matching player
Yunus Emre Konak,Brentford,eng Premier League,2024/25,,no matching player
Endrick,Real Madrid,es La Liga,2024/25,,no matching player
Patrick Erras,Holstein Kiel,de Bundesliga,2024/25,,no matching player
Romain Esse,Crystal Palace,eng Premier League,2024/25,,no matching player
Estanis,Bologna,it Serie A,2024/25,,no matching player
Etienne Eto'o,Rayo Vallecano,es La Liga,2024/25,,no matching player
Karl Etta,Villarreal,es La Liga,2024/25,,no matching player
Jake Evans,Leicester City,eng Premier League,2024/25,,no matching player
Jonny Evans,Manchester Utd,eng Premier League,2024/25,,no matching player
Łukasz Fabiański,West Ham,eng Premier League,2024/25,,no matching player
Davide Faraoni,Hellas Verona,it Serie A,2024/25,,no matching player
Abdul Fatawu Issahaku,Leicester City,eng Premier League,2024/25,,no matching player
Khalil Fayad,Montpellier,fr Ligue 1,2024/25,,no matching player
Nabil Fekir,Betis,es La Liga,2024/25,,no matching player
Zinedine Ferhat,Angers,fr Ligue 1,2024/25,,no matching player
Álvaro Fernández,Sevilla,es La Liga,2024/25,,no matching player
Pelayo Fernandez,Rayo Vallecano,es La Liga,2024/25,,no matching player
Valery Fernández,Mallorca,es La Liga,2024/25,,no matching player
Jordan Ferri,Montpellier,fr Ligue 1,2024/25,,no matching player
Daniel Fila,Venezia,it Serie A,2024/25,,no matching player
Karol Fila,Strasbourg,fr Ligue 1,2024/25,,no matching player
Alessandro Florenzi,Milan,it Serie A,2024/25,,no matching player
Omari Forson,Monza,it Serie A,2024/25,,no matching player
Fran,Real Madrid,es La Liga,2024/25,,no matching player
Przemysław Frankowski,Lens,fr Ligue 1,2024/25,,no matching player
Enric Franquesa,Leganés,es La Liga,2024/25,,no matching player
Tyler Fredricson,Manchester Utd,eng Premier League,2024/25,,no matching player
Darío Fuentes,Sevilla,es La Liga,2024/25,,no matching player
Shiō Fukuda,Gladbach,de Bundesliga,2024/25,,no matching player
Manuel Fuster,Las Palmas,es La Liga,2024/25,,no matching player
Tommaso Gabellini,Torino,it Serie A,2024/25,,no matching player
Alessandro Gabrielloni,Como,it Serie A,2024/25,,no matching player
Cristian Gamboa,Bochum,de Bundesliga,2024/25,,no matching player
Idrissa Gana Gueye,Everton,eng Premier League,2024/25,,no matching player
Silvère Ganvoula M'Boussy,Monza,it Serie A,2024/25,,no matching player
Mory Gbane,Reims,fr Ligue 1,2024/25,,no matching player
Max Geschwill,Holstein Kiel,de Bundesliga,2024/25,,no matching player
Lautaro Gianetti,Udinese,it Serie A,2024/25,,no matching player
Dimitris Giannoulis,Augsburg,de Bundesliga,2024/25,,no matching player
Michael Golding,Leicester City,eng Premier League,2024/25,,no matching player
André Gomes,Lille,fr Ligue 1,2024/25,,no matching player
Toti Gomes,Wolves,eng Premier League,2024/25,,no matching player
Carlos Gómez,Rennes,fr Ligue 1,2024/25,,no matching player
Dani Gómez,Valencia,es La Liga,2024/25,,no matching player
Fabio González,Las Palmas,es La Liga,2024/25,,no matching player
Nicolás González,Manchester City,eng Premier League,2024/25,,no matching player
Nicolás González,Juventus,it Serie A,2024/25,,no matching player
Peter González,Getafe,es La Liga,2024/25,,no matching player
Urko González,Espanyol,es La Liga,2024/25,,no matching player
Urko González,Real Sociedad,es La Liga,2024/25,,no matching player
José Gragera,Espanyol,es La Liga,2024/25,,no matching player
Samuel Grandsir,Le Havre,fr Ligue 1,2024/25,,no matching player
Jacob Greaves,Ipswich Town,eng Premier League,2024/25,,no matching player
Álex Grimaldo,Leverkusen,de Bundesliga,2024/25,,no matching player
Albert Grønbaek,Southampton,eng Premier League,2024/25,,no matching player
Albert Grønbaek,Rennes,fr Ligue 1,2024/25,,no matching player
Vicente Guaita,Celta Vigo,es La Liga,2024/25,,no matching player
Sergi Guardiola,Rayo Vallecano,es La Liga,2024/25,,no matching player
Axel Gueguin,Montpellier,fr Ligue 1,2024/25,,no matching player
Javier Guerra,Valencia,es La Liga,2024/25,,no matching player
Carlos Guirao,Betis,es La Liga,2024/25,,no matching player
Bahereba Guirassy,Nantes,fr Ligue 1,2024/25,,no matching player
Albert Guðmundsson,Fiorentina,it Serie A,2024/25,,no matching player
Emmanuel Gyasi,Empoli,it Serie A,2024/25,,no matching player
Christian Gytkjær,Venezia,it Serie A,2024/25,,no matching player
Nicolas Haas,Empoli,it Serie A,2024/25,,no matching player
Saad El Haddad,Venezia,it Serie A,2024/25,,no matching player
Munir El Haddadi,Leganés,es La Liga,2024/25,,no matching player
Antoine Hainaut,Parma,it Serie A,2024/25,,no matching player
Mohamed Haj,Parma,it Serie A,2024/25,,no matching player
Ali Al Hamadi,Ipswich Town,eng Premier League,2024/25,,no matching player
Ridgeciano Haps,Venezia,it Serie A,2024/25,,no matching player
Marcus Harness,Ipswich Town,eng Premier League,2024/25,,no matching player
Phil Harres,Holstein Kiel,de Bundesliga,2024/25,,no matching player
Taylor Harwood-Bellis,Southampton,eng Premier League,2024/25,,no matching player
Hwang Hee-chan,Wolves,eng Premier League,2024/25,,no matching player
Paul Hennrich,Hoffenheim,de Bundesliga,2024/25,,no matching player
Henrique,Valladolid,es La Liga,2024/25,,no matching player
Aridane Hernández,Rayo Vallecano,es La Liga,2024/25,,no matching player
Hernani,Parma,it Serie A,2024/25,,no matching player
Juan Herzog,Las Palmas,es La Liga,2024/25,,no matching player
Son Heung-min,Tottenham,eng Premier League,2024/25,,no matching player
Roger Hinojo,Espanyol,es La Liga,2024/25,,no matching player
Ki-Jana Hoever,Auxerre,fr Ligue 1,2024/25,,no matching player
Philipp Hofmann,Bochum,de Bundesliga,2024/25,,no matching player
Dinko Horkaš,Las Palmas,es La Liga,2024/25,,no matching player
Timo Horn,Bochum,de Bundesliga,2024/25,,no matching player
Cédric Hountondji,Angers,fr Ligue 1,2024/25,,no matching player
Ilyes Housni,Le Havre,fr Ligue 1,2024/25,,no matching player
Harry Howell,Brighton,eng Premier League,2024/25,,no matching player
Mats Hummels,Roma,it Serie A,2024/25,,no matching player
Hong Hyunseok,Mainz 05,de Bundesliga,2024/25,,no matching player
Pierre Højbjerg,Marseille,fr Ligue 1,2024/25,,no matching player
Hafiz Ibrahim,Reims,fr Ligue 1,2024/25,,no matching player
Iglesias,Getafe,es La Liga,2024/25,,no matching player
Igor,Brighton,eng Premier League,2024/25,,no matching player
Rareş Ilie,Nice,fr Ligue 1,2024/25,,no matching player
Danny Ings,West Ham,eng Premier League,2024/25,,no matching player
Alessio Iovine,Como,it Serie A,2024/25,,no matching player
Andy Irving,West Ham,eng Premier League,2024/25,,no matching player
Ismaily,Lille,fr Ligue 1,2024/25,,no matching player
Yanis Issoufou,Montpellier,fr Ligue 1,2024/25,,no matching player
Diego Iturralde,Sevilla,es La Liga,2024/25,,no matching player
Marko Ivezić,Holstein Kiel,de Bundesliga,2024/25,,no matching player
Armando Izzo,Monza,it Serie A,2024/25,,no matching player
Fellipe Jack,Como,it Serie A,2024/25,,no matching player
Lee Jae-sung,Mainz 05,de Bundesliga,2024/25,,no matching player
Ivan Jaime Pajuelo,Valencia,es La Liga,2024/25,,no matching player
Karl Jakob Hein,Valladolid,es La Liga,2024/25,,no matching player
Alejandro Jiménez,Milan,it Serie A,2024/25,,no matching player
Kim Jisoo,Brentford,eng Premier League,2024/25,,no matching player
João Pedro,Brighton,eng Premier League,2024/25,,no matching player
John Joe,Getafe,es La Liga,2024/25,,no matching player
John Joe,Reims,fr Ligue 1,2024/25,,no matching player
Jofre,Espanyol,es La Liga,2024/25,,no matching player
Þórir Jóhann Helgason,Lecce,it Serie A,2024/25,,no matching player
Carl Johansson,Holstein Kiel,de Bundesliga,2024/25,,no matching player
Ben Johnson,Ipswich Town,eng Premier League,2024/25,,no matching player
Paul Joly,Auxerre,fr Ligue 1,2024/25,,no matching player
Jota,Rennes,fr Ligue 1,2024/25,,no matching player
Luiz Lúcio Reis Júnior,Villarreal,es La Liga,2024/25,,no matching player
Hamed Junior Traorè,Auxerre,fr Ligue 1,2024/25,,no matching player
Stanko Jurić,Valladolid,es La Liga,2024/25,,no matching player
Yusuf Kabadayı,Augsburg,de Bundesliga,2024/25,,no matching player
Issa Kaboré,Werder Bremen,de Bundesliga,2024/25,,no matching player
Yaya Kader Fofana,Reims,fr Ligue 1,2024/25,,no matching player
Ferdi Kadioglu,Brighton,eng Premier League,2024/25,,no matching player
Justin-Noël Kalumba,Angers,fr Ligue 1,2024/25,,no matching player
Waren Kamanzi,Toulouse,fr Ligue 1,2024/25,,no matching player
Kevin Kampl,RB Leipzig,de Bundesliga,2024/25,,no matching player
Nordine Kandil,Strasbourg,fr Ligue 1,2024/25,,no matching player
Lee Kang-in,Paris S-G,fr Ligue 1,2024/25,,no matching player
Lior Kasa,Genoa,it Serie A,2024/25,,no matching player
Joachim Kayi Sanda,Southampton,eng Premier League,2024/25,,no matching player
Abdoulaye Keita,Getafe,es La Liga,2024/25,,no matching player
Andu Kelati,Holstein Kiel,de Bundesliga,2024/25,,no matching player
Thomas Keller,Heidenheim,de Bundesliga,2024/25,,no matching player
Marc-Oliver Kempf,Como,it Serie A,2024/25,,no matching player
Wahbi Khazri,Montpellier,fr Ligue 1,2024/25,,no matching player
Kialonda,Lecce,it Serie A,2024/25,,no matching player
Kiké,Alavés,es La Liga,2024/25,,no matching player
Max Kilman,West Ham,eng Premier League,2024/25,,no matching player
Presnel Kimpembe,Paris S-G,fr Ligue 1,2024/25,,no matching player
Cédric Kipré,Reims,fr Ligue 1,2024/25,,no matching player
Koka,Le Havre,fr Ligue 1,2024/25,,no matching player
Marco Komenda,Holstein Kiel,de Bundesliga,2024/25,,no matching player
Ismael Konate,Empoli,it Serie A,2024/25,,no matching player
Abdoul Koné,Reims,fr Ligue 1,2024/25,,no matching player
Kacper Koscierski,Bochum,de Bundesliga,2024/25,,no matching player
Henri Koudossou,Augsburg,de Bundesliga,2024/25,,no matching player
Emmanuel Koum Mbondo,Marseille,fr Ligue 1,2024/25,,no matching player
Boubakar Kouyaté,Montpellier,fr Ligue 1,2024/25,,no matching player
Viktor Kovalenko,Empoli,it Serie A,2024/25,,no matching player
Mateusz Kowalski,Parma,it Serie A,2024/25,,no matching player
Ladislav Krejčí,Girona,es La Liga,2024/25,,no matching player
Moritz-Broni Kwarteng,Bochum,de Bundesliga,2024/25,,no matching player
Giorgos Kyriakopoulos,Monza,it Serie A,2024/25,,no matching player
Gaëtan Laborde,Nice,fr Ligue 1,2024/25,,no matching player
Younes Lachaab,Lille,fr Ligue 1,2024/25,,no matching player
Adam Lallana,Southampton,eng Premier League,2024/25,,no matching player
Mathis Lambourde,Hellas Verona,it Serie A,2024/25,,no matching player
Mohamed Lamine Bayo,Lille,fr Ligue 1,2024/25,,no matching player
Will Lankshear,Tottenham,eng Premier League,2024/25,,no matching player
Cyle Larin,Mallorca,es La Liga,2024/25,,no matching player
Gautier Larsonneur,Saint-Étienne,fr Ligue 1,2024/25,,no matching player
Juanmi Latasa,Valladolid,es La Liga,2024/25,,no matching player
Darko Lazović,Hellas Verona,it Serie A,2024/25,,no matching player
Julien Le Cardinal,Brest,fr Ligue 1,2024/25,,no matching player
Jérémy Le Douaron,Brest,fr Ligue 1,2024/25,,no matching player
Nunzio Lella,Venezia,it Serie A,2024/25,,no matching player
Ben Lhassine Kone,Como,it Serie A,2024/25,,no matching player
Mattia Liberali,Milan,it Serie A,2024/25,,no matching player
Pedro Lima,Wolves,eng Premier League,2024/25,,no matching player
Valentino Livramento,Newcastle Utd,eng Premier League,2024/25,,no matching player
Marin Ljubicic,Union Berlin,de Bundesliga,2024/25,,no matching player
Javier Llabrés,Mallorca,es La Liga,2024/25,,no matching player
Elysée Logbo,Le Havre,fr Ligue 1,2024/25,,no matching player
Enzo Loiodice,Las Palmas,es La Liga,2024/25,,no matching player
Roberto López,Leganés,es La Liga,2024/25,,no matching player
Anthony Losilla,Bochum,de Bundesliga,2024/25,,no matching player
Yannik Lührs,Dortmund,de Bundesliga,2024/25,,no matching player
José Luis Gayà,Valencia,es La Liga,2024/25,,no matching player
Milos Lukovic,Strasbourg,fr Ligue 1,2024/25,,no matching player
Joe Lumley,Southampton,eng Premier League,2024/25,,no matching player
Daniel Luna,Mallorca,es La Liga,2024/25,,no matching player
Massimo Luongo,Ipswich Town,eng Premier League,2024/25,,no matching player
Charalambos Lykogiannis,Bologna,it Serie A,2024/25,,no matching player
Othmane Maamma,Montpellier,fr Ligue 1,2024/25,,no matching player
Eros Maddy,Auxerre,fr Ligue 1,2024/25,,no matching player
Gabriel Magalhães,Arsenal,eng Premier League,2024/25,,no matching player
Edmond-Paris Maghoma,Brentford,eng Premier League,2024/25,,no matching player
Giangiacomo Magnani,Hellas Verona,it Serie A,2024/25,,no matching player
Jon Magunazelaia,Real Sociedad,es La Liga,2024/25,,no matching player
Arne Maier,Augsburg,de Bundesliga,2024/25,,no matching player
Radosław Majecki,Monaco,fr Ligue 1,2024/25,,no matching player
Nikola Maksimović,Montpellier,fr Ligue 1,2024/25,,no matching player
Jarzinho Malanga,Stuttgart,de Bundesliga,2024/25,,no matching player
Aaron Malouda,Lille,fr Ligue 1,2024/25,,no matching player
Hianga Mananga Mbock,Brest,fr Ligue 1,2024/25,,no matching player
Steve Mandanda,Rennes,fr Ligue 1,2024/25,,no matching player
Javier Manquillo,Celta Vigo,es La Liga,2024/25,,no matching player
Alberto Manzoni,Atalanta,it Serie A,2024/25,,no matching player
Óscar de Marcos,Athletic Club,es La Liga,2024/25,,no matching player
Alberto Marí,Valencia,es La Liga,2024/25,,no matching player
Mirko Marić,Monza,it Serie A,2024/25,,no matching player
Mirko Marić,Venezia,it Serie A,2024/25,,no matching player
Arkaitz Mariezkurrena,Real Sociedad,es La Liga,2024/25,,no matching player
Mika Mármol,Las Palmas,es La Liga,2024/25,,no matching player
Mario Maroto,Valladolid,es La Liga,2024/25,,no matching player
Marquinhos,Paris S-G,fr Ligue 1,2024/25,,no matching player
Ange Martial Tia,Reims,fr Ligue 1,2024/25,,no matching player
Diego Martín,Las Palmas,es La Liga,2024/25,,no matching player
Jonas Martin,Brest,fr Ligue 1,2024/25,,no matching player
Javi Martínez,Osasuna,es La Liga,2024/25,,no matching player
Ramón Martínez,Sevilla,es La Liga,2024/25,,no matching player
Kevin Martins,Monza,it Serie A,2024/25,,no matching player
Javi Martón,Athletic Club,es La Liga,2024/25,,no matching player
Marvin,Las Palmas,es La Liga,2024/25,,no matching player
Giorgos Masouras,Bochum,de Bundesliga,2024/25,,no matching player
Erhan Mašović,Bochum,de Bundesliga,2024/25,,no matching player
Jaime Mata,Las Palmas,es La Liga,2024/25,,no matching player
Eliot Matazo,Monaco,fr Ligue 1,2024/25,,no matching player
Jean Mattéo Bahoya,Eint Frankfurt,de Bundesliga,2024/25,,no matching player
Azor Matusiwa,Rennes,fr Ligue 1,2024/25,,no matching player
Stephy Mavididi,Leicester City,eng Premier League,2024/25,,no matching player
Keke Maximilian Topp,Werder Bremen,de Bundesliga,2024/25,,no matching player
Andrea Mazza,Monza,it Serie A,2024/25,,no matching player
Oliver McBurnie,Las Palmas,es La Liga,2024/25,,no matching player
Alex McCarthy,Southampton,eng Premier League,2024/25,,no matching player
Jakov Medić,Bochum,de Bundesliga,2024/25,,no matching player
Ben Mee,Brentford,eng Premier League,2024/25,,no matching player
Mohamed Meité,Rennes,fr Ligue 1,2024/25,,no matching player
Mateo Mejía,Sevilla,es La Liga,2024/25,,no matching player
Farid El Melali,Angers,fr Ligue 1,2024/25,,no matching player
Filippo Melegoni,Genoa,it Serie A,2024/25,,no matching player
Víctor Meseguer,Valladolid,es La Liga,2024/25,,no matching player
Shumaira Mheuka,Chelsea,eng Premier League,2024/25,,no matching player
Florian Micheler,Hoffenheim,de Bundesliga,2024/25,,no matching player
Miguel,Leganés,es La Liga,2024/25,,no matching player
Igor Miladinović,Saint-Étienne,fr Ligue 1,2024/25,,no matching player
Kim Min-jae,Bayern Munich,de Bundesliga,2024/25,,no matching player
Lucas Mincarelli,Montpellier,fr Ligue 1,2024/25,,no matching player
Kim Minsu,Girona,es La Liga,2024/25,,no matching player
Koji Miyoshi,Bochum,de Bundesliga,2024/25,,no matching player
Rui Modesto,Udinese,it Serie A,2024/25,,no matching player
David Mokwa,Hoffenheim,de Bundesliga,2024/25,,no matching player
Jeremy Monga,Leicester City,eng Premier League,2024/25,,no matching player
Álex Moreno,Nott'ham Forest,eng Premier League,2024/25,,no matching player
Xavier Moreno,Valladolid,es La Liga,2024/25,,no matching player
Sam Morsy,Ipswich Town,eng Premier League,2024/25,,no matching player
Dany Mota,Monza,it Serie A,2024/25,,no matching player
Yael Mouanga,Montpellier,fr Ligue 1,2024/25,,no matching player
Aimen Moueffek,Saint-Étienne,fr Ligue 1,2024/25,,no matching player
Divin Mubama,Manchester City,eng Premier League,2024/25,,no matching player
Mykhailo Mudryk,Chelsea,eng Premier League,2024/25,,no matching player
Kevin Müller,Heidenheim,de Bundesliga,2024/25,,no matching player
Álex Muñoz,Las Palmas,es La Liga,2024/25,,no matching player
Javier Muñoz,Las Palmas,es La Liga,2024/25,,no matching player
Almoatasem Al Musrati,Monaco,fr Ligue 1,2024/25,,no matching player
Joakim Mæhle,Wolfsburg,de Bundesliga,2024/25,,no matching player
Obite N'Dicka,Roma,it Serie A,2024/25,,no matching player
Konan N'dri,Lecce,it Serie A,2024/25,,no matching player
Loïc N'Gatta,Auxerre,fr Ligue 1,2024/25,,no matching player
Nathan N'Goumou,Gladbach,de Bundesliga,2024/25,,no matching player
Djylian N'Guessan,Saint-Étienne,fr Ligue 1,2024/25,,no matching player
Stanley N'Soki,Hoffenheim,de Bundesliga,2024/25,,no matching player
Mickael Nade,Saint-Étienne,fr Ligue 1,2024/25,,no matching player
Yael Nandjou,Nice,fr Ligue 1,2024/25,,no matching player
Matija Nastasić,Leganés,es La Liga,2024/25,,no matching player
Roberto Navarro,Mallorca,es La Liga,2024/25,,no matching player
Jesús Navas,Sevilla,es La Liga,2024/25,,no matching player
Michel Ndary Adopo,Cagliari,it Serie A,2024/25,,no matching player
Junior Ndiaye,Montpellier,fr Ligue 1,2024/25,,no matching player
Wilfried Ndollo,Montpellier,fr Ligue 1,2024/25,,no matching player
Ivan Nekić,Holstein Kiel,de Bundesliga,2024/25,,no matching player
Mikayil Ngor Faye,Rennes,fr Ligue 1,2024/25,,no matching player
Abdoulaye Niakhate Ndiaye,Brest,fr Ligue 1,2024/25,,no matching player
Ibrahima Niane,Angers,fr Ligue 1,2024/25,,no matching player
Oliver Nielsen,Lazio,it Serie A,2024/25,,no matching player
Eybi Nije,Torino,it Serie A,2024/25,,no matching player
Adrian Niño,Atlético Madrid,es La Liga,2024/25,,no matching player
Hugo Novoa,Alavés,es La Liga,2024/25,,no matching player
Plamedi Nsingi,Nantes,fr Ligue 1,2024/25,,no matching player
Gustavo Nunes,Brentford,eng Premier League,2024/25,,no matching player
Rabby Nzingoula,Montpellier,fr Ligue 1,2024/25,,no matching player
Marwann Nzuzi,Saint-Étienne,fr Ligue 1,2024/25,,no matching player
Chidozie Obi-Martin,Manchester Utd,eng Premier League,2024/25,,no matching player
Ifechukwu Ogbus,Freiburg,de Bundesliga,2024/25,,no matching player
Thiago Ojeda,Villarreal,es La Liga,2024/25,,no matching player
Caleb Okoli,Leicester City,eng Premier League,2024/25,,no matching player
Joseph Okumu,Reims,fr Ligue 1,2024/25,,no matching player
Aingeru Olabarrieta,Athletic Club,es La Liga,2024/25,,no matching player
Olasagasti,Real Sociedad,es La Liga,2024/25,,no matching player
Finn Ole Becker,Hoffenheim,de Bundesliga,2024/25,,no matching player
Brian Oliván,Espanyol,es La Liga,2024/25,,no matching player
Lucas Oliveira Rosa,Valladolid,es La Liga,2024/25,,no matching player
Victor Orakpo,Nice,fr Ligue 1,2024/25,,no matching player
Ike Orazi,Reims,fr Ligue 1,2024/25,,no matching player
Ivan Ordets,Bochum,de Bundesliga,2024/25,,no matching player
Lewis Orford,West Ham,eng Premier League,2024/25,,no matching player
Gabriel Osei Misehouy,Girona,es La Liga,2024/25,,no matching player
Gabriel Osho,Auxerre,fr Ligue 1,2024/25,,no matching player
Jibril Othman,Saint-Étienne,fr Ligue 1,2024/25,,no matching player
David Otorbi,Valencia,es La Liga,2024/25,,no matching player
Guimissongui Ouattara,Strasbourg,fr Ligue 1,2024/25,,no matching player
Remi Oudin,Lecce,it Serie A,2024/25,,no matching player
Zinédine Ould Khaled,Angers,fr Ligue 1,2024/25,,no matching player
Cheick Oumar Conde,Venezia,it Serie A,2024/25,,no matching player
Jesús Owono,Alavés,es La Liga,2024/25,,no matching player
Nico O’Reilly,Manchester City,eng Premier League,2024/25,,no matching player
Simone Pafundi,Udinese,it Serie A,2024/25,,no matching player
Isaac Palazón Camacho,Rayo Vallecano,es La Liga,2024/25,,no matching player
Nicolas Pallois,Nantes,fr Ligue 1,2024/25,,no matching player
Matteo Palma,Udinese,it Serie A,2024/25,,no matching player
Alex Palmer,Ipswich Town,eng Premier League,2024/25,,no matching player
Emerson Palmieri,West Ham,eng Premier League,2024/25,,no matching player
Mats Pannewig,Bochum,de Bundesliga,2024/25,,no matching player
Daniel Parejo,Villarreal,es La Liga,2024/25,,no matching player
Iago Parente,Valladolid,es La Liga,2024/25,,no matching player
Álvaro Pascual,Sevilla,es La Liga,2024/25,,no matching player
Rui Patrício,Atalanta,it Serie A,2024/25,,no matching player
Nicolas Pays,Montpellier,fr Ligue 1,2024/25,,no matching player
Kévin Pedro,Saint-Étienne,fr Ligue 1,2024/25,,no matching player
Jordan Pefok,Reims,fr Ligue 1,2024/25,,no matching player
Jordan Pefok,Union Berlin,de Bundesliga,2024/25,,no matching player
Pejiño,Las Palmas,es La Liga,2024/25,,no matching player
Pietro Pellegri,Empoli,it Serie A,2024/25,,no matching player
Théo Pellenard,Auxerre,fr Ligue 1,2024/25,,no matching player
Faris Pemi Moumbagna,Marseille,fr Ligue 1,2024/25,,no matching player
Rubén Peña,Osasuna,es La Liga,2024/25,,no matching player
Peque,Sevilla,es La Liga,2024/25,,no matching player
Ricardo Pereira,Leicester City,eng Premier League,2024/25,,no matching player
Gastón Pereiro,Genoa,it Serie A,2024/25,,no matching player
Francisco Perez,Valencia,es La Liga,2024/25,,no matching player
Kike Pérez,Venezia,it Serie A,2024/25,,no matching player
Kike Pérez,Valladolid,es La Liga,2024/25,,no matching player
Noah Pesch,Gladbach,de Bundesliga,2024/25,,no matching player
Matteo Pessina,Monza,it Serie A,2024/25,,no matching player
Andrea Petagna,Monza,it Serie A,2024/25,,no matching player
Đorđe Petrović,Strasbourg,fr Ligue 1,2024/25,,no matching player
Valentín Pezzolesi,Las Palmas,es La Liga,2024/25,,no matching player
Kalvin Phillips,Ipswich Town,eng Premier League,2024/25,,no matching player
Jaden Philogene Bidace,Aston Villa,eng Premier League,2024/25,,no matching player
Jaden Philogene Bidace,Ipswich Town,eng Premier League,2024/25,,no matching player
Pica,Alavés,es La Liga,2024/25,,no matching player
Benedikt Pichler,Holstein Kiel,de Bundesliga,2024/25,,no matching player
Nicholas Pierini,Venezia,it Serie A,2024/25,,no matching player
Balthazar Pierret,Lecce,it Serie A,2024/25,,no matching player
Yeremi Pino,Villarreal,es La Liga,2024/25,,no matching player
Nicola Pintus,Cagliari,it Serie A,2024/25,,no matching player
Semuel Pizzignacco,Monza,it Serie A,2024/25,,no matching player
Joel Pohjanpalo,Venezia,it Serie A,2024/25,,no matching player
Alfie Pond,Wolves,eng Premier League,2024/25,,no matching player
Finn Porath,Holstein Kiel,de Bundesliga,2024/25,,no matching player
Tom Pouilly,Lens,fr Ligue 1,2024/25,,no matching player
Ivan Prtajin,Union Berlin,de Bundesliga,2024/25,,no matching player
Tymoteusz Puchacz,Holstein Kiel,de Bundesliga,2024/25,,no matching player
Diego Pugno,Juventus,it Serie A,2024/25,,no matching player
Hamza Rafia,Lecce,it Serie A,2024/25,,no matching player
Hákon Rafn Valdimarsson,Brentford,eng Premier League,2024/25,,no matching player
Arnau Rafús,Valladolid,es La Liga,2024/25,,no matching player
Antonio Raimondo,Venezia,it Serie A,2024/25,,no matching player
Benito Ramírez,Las Palmas,es La Liga,2024/25,,no matching player
Sandro Ramírez,Las Palmas,es La Liga,2024/25,,no matching player
Grant Ranos,Gladbach,de Bundesliga,2024/25,,no matching player
Abderrahman Rebbach,Alavés,es La Liga,2024/25,,no matching player
Remy Rees-Dottin,Bournemouth,eng Premier League,2024/25,,no matching player
Pepe Reina,Como,it Serie A,2024/25,,no matching player
Daniel Requena,Villarreal,es La Liga,2024/25,,no matching player
Gio Reyna,Dortmund,de Bundesliga,2024/25,,no matching player
Alexsandro Ribeiro,Lille,fr Ligue 1,2024/25,,no matching player
Alberto Risco,Getafe,es La Liga,2024/25,,no matching player
Gorka Rivera Alonso,Getafe,es La Liga,2024/25,,no matching player
Jay Robinson,Southampton,eng Premier League,2024/25,,no matching player
Adrian Rodriguez,Alavés,es La Liga,2024/25,,no matching player
Óscar Rodríguez Arnaiz,Leganés,es La Liga,2024/25,,no matching player
Arturo Rodríguez,Las Palmas,es La Liga,2024/25,,no matching player
Damián Rodríguez,Celta Vigo,es La Liga,2024/25,,no matching player
Dani Rodríguez,Mallorca,es La Liga,2024/25,,no matching player
Daniel Rodriguez,Barcelona,es La Liga,2024/25,,no matching player
Jesus Rodríguez,Betis,es La Liga,2024/25,,no matching player
Kirian Rodríguez,Las Palmas,es La Liga,2024/25,,no matching player
Oriol Romeu,Girona,es La Liga,2024/25,,no matching player
Lasse Rosenboom,Holstein Kiel,de Bundesliga,2024/25,,no matching player
Jonas Rouhi,Juventus,it Serie A,2024/25,,no matching player
Jérôme Roussillon,Union Berlin,de Bundesliga,2024/25,,no matching player
Jon Rowe,Marseille,fr Ligue 1,2024/25,,no matching player
Tommaso Rubino,Fiorentina,it Serie A,2024/25,,no matching player
Ferrán Ruiz,Girona,es La Liga,2024/25,,no matching player
Fabián Ruiz Peña,Paris S-G,fr Ligue 1,2024/25,,no matching player
Frederik Rønnow,Union Berlin,de Bundesliga,2024/25,,no matching player
Elias Saad,St. Pauli,de Bundesliga,2024/25,,no matching player
Youssouf Sabaly,Betis,es La Liga,2024/25,,no matching player
Falaye Sacko,Montpellier,fr Ligue 1,2024/25,,no matching player
Jorge Sáenz,Leganés,es La Liga,2024/25,,no matching player
Matvei Safonov,Paris S-G,fr Ligue 1,2024/25,,no matching player
Richie Sagrado,Venezia,it Serie A,2024/25,,no matching player
Théo Sainte-Luce,Montpellier,fr Ligue 1,2024/25,,no matching player
Faik Sakar,RB Leipzig,de Bundesliga,2024/25,,no matching player
Marco Sala,Como,it Serie A,2024/25,,no matching player
Marco Sala,Lecce,it Serie A,2024/25,,no matching player
Yoann Salmier,Le Havre,fr Ligue 1,2024/25,,no matching player
Mama Samba Baldé,Lyon,fr Ligue 1,2024/25,,no matching player
Mama Samba Baldé,Brest,fr Ligue 1,2024/25,,no matching player
Junior Sambia,Empoli,it Serie A,2024/25,,no matching player
Chuky san jose,Valladolid,es La Liga,2024/25,,no matching player
Iván Sánchez,Valladolid,es La Liga,2024/25,,no matching player
Nicola Sansone,Lecce,it Serie A,2024/25,,no matching player
Jesús Santiago,Getafe,es La Liga,2024/25,,no matching player
Pablo Sarabia,Wolves,eng Premier League,2024/25,,no matching player
Jeremy Sarmiento,Brighton,eng Premier League,2024/25,,no matching player
Téji Savanier,Montpellier,fr Ligue 1,2024/25,,no matching player
Sávio,Manchester City,eng Premier League,2024/25,,no matching player
Joël Schingtienne,Venezia,it Serie A,2024/25,,no matching player
Jeffrey Schlupp,Crystal Palace,eng Premier League,2024/25,,no matching player
Niklas Schmidt,Toulouse,fr Ligue 1,2024/25,,no matching player
Marvin Schulz,Holstein Kiel,de Bundesliga,2024/25,,no matching player
Léo Scienza,Heidenheim,de Bundesliga,2024/25,,no matching player
Jérémy Sebas,Strasbourg,fr Ligue 1,2024/25,,no matching player
Aleksandar Sedlar,Alavés,es La Liga,2024/25,,no matching player
Jacopo Seghetti,Empoli,it Serie A,2024/25,,no matching player
Stefano Sensi,Monza,it Serie A,2024/25,,no matching player
Sergi,Leganés,es La Liga,2024/25,,no matching player
Nicolás Serrano,Athletic Club,es La Liga,2024/25,,no matching player
Zain Silcott-Duberry,Bournemouth,eng Premier League,2024/25,,no matching player
André Silva,Werder Bremen,de Bundesliga,2024/25,,no matching player
André Silva,RB Leipzig,de Bundesliga,2024/25,,no matching player
Caio Henrique Oliveira Silva,Monaco,fr Ligue 1,2024/25,,no matching player
Jailson Siqueira,Celta Vigo,es La Liga,2024/25,,no matching player
Ayanda Sishuba,Rennes,fr Ligue 1,2024/25,,no matching player
Ibrahim Sissoko,Saint-Étienne,fr Ligue 1,2024/25,,no matching player
Niama Sissoko,Reims,fr Ligue 1,2024/25,,no matching player
Oliver Skipp,Leicester City,eng Premier League,2024/25,,no matching player
Leo Skiri Østigård,Rennes,fr Ligue 1,2024/25,,no matching player
Leo Skiri Østigård,Hoffenheim,de Bundesliga,2024/25,,no matching player
Łukasz Skorupski,Bologna,it Serie A,2024/25,,no matching player
Steven Skrzybski,Holstein Kiel,de Bundesliga,2024/25,,no matching player
Naatan Skyttä,Toulouse,fr Ligue 1,2024/25,,no matching player
William Smallbone,Southampton,eng Premier League,2024/25,,no matching player
Justin Smith,Espanyol,es La Liga,2024/25,,no matching player
Arnau Solà,Villarreal,es La Liga,2024/25,,no matching player
Juan Soriano,Leganés,es La Liga,2024/25,,no matching player
Boubakary Soumaré,Leicester City,eng Premier League,2024/25,,no matching player
Saidou Sow,Strasbourg,fr Ligue 1,2024/25,,no matching player
Saidou Sow,Nantes,fr Ligue 1,2024/25,,no matching player
Filip Stankovic,Venezia,it Serie A,2024/25,,no matching player
Jay Stansfield,Fulham,eng Premier League,2024/25,,no matching player
Lucas Stassin,Saint-Étienne,fr Ligue 1,2024/25,,no matching player
Orri Steinn Óskarsson,Real Sociedad,es La Liga,2024/25,,no matching player
Jack Stephens,Southampton,eng Premier League,2024/25,,no matching player
Enzo Sternal,Marseille,fr Ligue 1,2024/25,,no matching player
Finley Stevens,St. Pauli,de Bundesliga,2024/25,,no matching player
Ross Stewart,Southampton,eng Premier League,2024/25,,no matching player
Stoichkov,Alavés,es La Liga,2024/25,,no matching player
Jakub Stolarczyk,Leicester City,eng Premier League,2024/25,,no matching player
Álex Suárez,Las Palmas,es La Liga,2024/25,,no matching player
Suso,Sevilla,es La Liga,2024/25,,no matching player
Marin Šverko,Venezia,it Serie A,2024/25,,no matching player
Michael Svoboda,Venezia,it Serie A,2024/25,,no matching player
Musa Al-Taamari,Montpellier,fr Ligue 1,2024/25,,no matching player
Musa Al-Taamari,Rennes,fr Ligue 1,2024/25,,no matching player
Florian Tardieu,Saint-Étienne,fr Ligue 1,2024/25,,no matching player
Matt Targett,Newcastle Utd,eng Premier League,2024/25,,no matching player
Charlie Taylor,Southampton,eng Premier League,2024/25,,no matching player
Enzo Tchato,Montpellier,fr Ligue 1,2024/25,,no matching player
Martín Tejón,Valencia,es La Liga,2024/25,,no matching player
Norman Theuerkauf,Heidenheim,de Bundesliga,2024/25,,no matching player
Thiago,Brentford,eng Premier League,2024/25,,no matching player
Denis Thomalla,Heidenheim,de Bundesliga,2024/25,,no matching player
Luke Thomas,Leicester City,eng Premier League,2024/25,,no matching player
Cheikh Tidiane Niasse,Hellas Verona,it Serie A,2024/25,,no matching player
Umut Tohumcu,Hoffenheim,de Bundesliga,2024/25,,no matching player
Raúl de Tomás,Rayo Vallecano,es La Liga,2024/25,,no matching player
Luka Topalović,Inter,it Serie A,2024/25,,no matching player
David Torres,Valladolid,es La Liga,2024/25,,no matching player
Lorenzo Tosto,Empoli,it Serie A,2024/25,,no matching player
Birama Touré,Montpellier,fr Ligue 1,2024/25,,no matching player
Souleymane Touré,Udinese,it Serie A,2024/25,,no matching player
Conor Townsend,Ipswich Town,eng Premier League,2024/25,,no matching player
Adama Traoré,Fulham,eng Premier League,2024/25,,no matching player
Ryan Trevitt,Brentford,eng Premier League,2024/25,,no matching player
Kostas Tsimikas,Liverpool,eng Premier League,2024/25,,no matching player
Viktor Tsyhankov,Girona,es La Liga,2024/25,,no matching player
Tuta,Eint Frankfurt,de Bundesliga,2024/25,,no matching player
Manuel Ugarte Ribeiro,Manchester Utd,eng Premier League,2024/25,,no matching player
Jesús Vallejo,Real Madrid,es La Liga,2024/25,,no matching player
Mattia Valoti,Monza,it Serie A,2024/25,,no matching player
José Luis García Vayá,Valencia,es La Liga,2024/25,,no matching player
Simone Verdi,Como,it Serie A,2024/25,,no matching player
Jordan Veretout,Lyon,fr Ligue 1,2024/25,,no matching player
Ben Viadere,Auxerre,fr Ligue 1,2024/25,,no matching player
Carlos Vicente,Alavés,es La Liga,2024/25,,no matching player
Fran Vieites,Betis,es La Liga,2024/25,,no matching player
Sergio Viera,Las Palmas,es La Liga,2024/25,,no matching player
Asier Villalibre,Alavés,es La Liga,2024/25,,no matching player
Nicolas Viola,Cagliari,it Serie A,2024/25,,no matching player
Viti,Las Palmas,es La Liga,2024/25,,no matching player
Mattia Viti,Empoli,it Serie A,2024/25,,no matching player
Vitinha,Paris S-G,fr Ligue 1,2024/25,,no matching player
Daniel Vivian,Athletic Club,es La Liga,2024/25,,no matching player
Krapyvtsov Vladyslav,Girona,es La Liga,2024/25,,no matching player
Vanja Vlahović,Atalanta,it Serie A,2024/25,,no matching player
Kevin Vogt,Union Berlin,de Bundesliga,2024/25,,no matching player
Kevin Volland,Union Berlin,de Bundesliga,2024/25,,no matching player
Ibrahima Wadji,Saint-Étienne,fr Ligue 1,2024/25,,no matching player
Robert Wagner,St. Pauli,de Bundesliga,2024/25,,no matching player
Christian Walton,Ipswich Town,eng Premier League,2024/25,,no matching player
Joel Ward,Crystal Palace,eng Premier League,2024/25,,no matching player
Kjell-Arik Wätjen,Dortmund,de Bundesliga,2024/25,,no matching player
Timon Weiner,Holstein Kiel,de Bundesliga,2024/25,,no matching player
Noah Weißhaupt,St. Pauli,de Bundesliga,2024/25,,no matching player
Noah Weißhaupt,Freiburg,de Bundesliga,2024/25,,no matching player
Welington,Southampton,eng Premier League,2024/25,,no matching player
Harry Winks,Leicester City,eng Premier League,2024/25,,no matching player
Ben Winterburn,Bournemouth,eng Premier League,2024/25,,no matching player
Maximilian Wittek,Bochum,de Bundesliga,2024/25,,no matching player
Jeong Woo-yeong,Union Berlin,de Bundesliga,2024/25,,no matching player
Nathan Wood-Gordon,Southampton,eng Premier League,2024/25,,no matching player
Luke Woolfenden,Ipswich Town,eng Premier League,2024/25,,no matching player
Daniel Yáñez,Real Madrid,es La Liga,2024/25,,no matching player
Erencan Yardimci,Hoffenheim,de Bundesliga,2024/25,,no matching player
Yehor Yarmoliuk,Brentford,eng Premier League,2024/25,,no matching player
John Yeboah,Venezia,it Serie A,2024/25,,no matching player
Ashley Young,Everton,eng Premier League,2024/25,,no matching player
Illia Zabarnyi,Bournemouth,eng Premier League,2024/25,,no matching player
Eloge Zabi,Reims,fr Ligue 1,2024/25,,no matching player
Yoram Zague,Paris S-G,fr Ligue 1,2024/25,,no matching player
Andre-Frank Zambo Anguissa,Napoli,it Serie A,2024/25,,no matching player
Francesco Zampano,Venezia,it Serie A,2024/25,,no matching player
David Zec,Holstein Kiel,de Bundesliga,2024/25,,no matching player
Kevin Zeroli,Monza,it Serie A,2024/25,,no matching player
Kevin Zeroli,Milan,it Serie A,2024/25,,no matching player
Aristide Zossou,Auxerre,fr Ligue 1,2024/25,,no matching player
Edhy Zuliani,Toulouse,fr Ligue 1,2024/25,,no matching player
Szymon Żurkowski,Empoli,it Serie A,2024/25,,no matching player
Milan Đurić,Monza,it Serie A,2024/25,,no matching player
Milan Đurić,Parma,it Serie A,2024/25,,no matching player
